Year,outbreak_count,Disease
2010,1.0,Meningococcal meningitis
2011,1.0,Meningococcal meningitis
2012,10.0,Meningococcal meningitis
2013,5.0,Meningococcal meningitis
2014,0.0,Meningococcal meningitis
2015,2.0,Meningococcal meningitis
2016,0.0,Meningococcal meningitis
2017,3.0,Meningococcal meningitis
2018,0.0,Meningococcal meningitis
2019,0.0,Meningococcal meningitis
2020,0.0,Meningococcal meningitis
2021,0.0,Meningococcal meningitis
2022,0.0,Meningococcal meningitis
2023,0.0,Meningococcal meningitis
2024,0.0,Meningococcal meningitis
2025,1.0,Meningococcal meningitis
