Year,outbreak_count,Disease
2012,1,Middle East respiratory syndrome
2013,12,Middle East respiratory syndrome
2014,15,Middle East respiratory syndrome
2015,12,Middle East respiratory syndrome
2016,7,Middle East respiratory syndrome
2017,5,Middle East respiratory syndrome
2018,6,Middle East respiratory syndrome
2019,4,Middle East respiratory syndrome
2020,3,Middle East respiratory syndrome
2021,2,Middle East respiratory syndrome
2022,3,Middle East respiratory syndrome
2023,3,Middle East respiratory syndrome
2024,1,Middle East respiratory syndrome
2025,1,Middle East respiratory syndrome
