Year,outbreak_count,Disease
2012,1.0,"Dengue fever, unspecified"
2013,0.0,"Dengue fever, unspecified"
2014,0.0,"Dengue fever, unspecified"
2015,1.0,"Dengue fever, unspecified"
2016,2.0,"Dengue fever, unspecified"
2017,3.0,"Dengue fever, unspecified"
2018,1.0,"Dengue fever, unspecified"
2019,6.0,"Dengue fever, unspecified"
2020,7.0,"Dengue fever, unspecified"
2021,1.0,"Dengue fever, unspecified"
2022,5.0,"Dengue fever, unspecified"
2023,60.0,"Dengue fever, unspecified"
2024,95.0,"Dengue fever, unspecified"
