Year,outbreak_count,Disease
2013,1.0,Chikungunya mosquito-borne viral fever
2014,1.0,Chikungunya mosquito-borne viral fever
2015,2.0,Chikungunya mosquito-borne viral fever
2016,3.0,Chikungunya mosquito-borne viral fever
2017,2.0,Chikungunya mosquito-borne viral fever
2018,2.0,Chikungunya mosquito-borne viral fever
2019,1.0,Chikungunya mosquito-borne viral fever
2020,1.0,Chikungunya mosquito-borne viral fever
2021,0.0,Chikungunya mosquito-borne viral fever
2022,0.0,Chikungunya mosquito-borne viral fever
2023,5.0,Chikungunya mosquito-borne viral fever
2024,0.0,Chikungunya mosquito-borne viral fever
2025,38.0,Chikungunya mosquito-borne viral fever
