Year,outbreak_count,Disease
2010,5.0,"Yellow fever, unspecified"
2011,4.0,"Yellow fever, unspecified"
2012,4.0,"Yellow fever, unspecified"
2013,4.0,"Yellow fever, unspecified"
2014,1.0,"Yellow fever, unspecified"
2015,0.0,"Yellow fever, unspecified"
2016,5.0,"Yellow fever, unspecified"
2017,4.0,"Yellow fever, unspecified"
2018,4.0,"Yellow fever, unspecified"
2019,4.0,"Yellow fever, unspecified"
2020,9.0,"Yellow fever, unspecified"
2021,10.0,"Yellow fever, unspecified"
2022,12.0,"Yellow fever, unspecified"
2023,12.0,"Yellow fever, unspecified"
2024,13.0,"Yellow fever, unspecified"
2025,5.0,"Yellow fever, unspecified"
