Year,outbreak_count,Disease
2010,53.0,Influenza due to identified zoonotic or pandemic influenza virus
2011,5.0,Influenza due to identified zoonotic or pandemic influenza virus
2012,7.0,Influenza due to identified zoonotic or pandemic influenza virus
2013,2.0,Influenza due to identified zoonotic or pandemic influenza virus
2014,2.0,Influenza due to identified zoonotic or pandemic influenza virus
2015,2.0,Influenza due to identified zoonotic or pandemic influenza virus
2016,1.0,Influenza due to identified zoonotic or pandemic influenza virus
2017,1.0,Influenza due to identified zoonotic or pandemic influenza virus
2018,2.0,Influenza due to identified zoonotic or pandemic influenza virus
2019,0.0,Influenza due to identified zoonotic or pandemic influenza virus
2020,2.0,Influenza due to identified zoonotic or pandemic influenza virus
2021,5.0,Influenza due to identified zoonotic or pandemic influenza virus
2022,5.0,Influenza due to identified zoonotic or pandemic influenza virus
2023,9.0,Influenza due to identified zoonotic or pandemic influenza virus
2024,10.0,Influenza due to identified zoonotic or pandemic influenza virus
2025,2.0,Influenza due to identified zoonotic or pandemic influenza virus
