Year,outbreak_count,Disease
2010,4.0,"Acute poliomyelitis, unspecified"
2011,4.0,"Acute poliomyelitis, unspecified"
2012,0.0,"Acute poliomyelitis, unspecified"
2013,8.0,"Acute poliomyelitis, unspecified"
2014,6.0,"Acute poliomyelitis, unspecified"
2015,4.0,"Acute poliomyelitis, unspecified"
2016,3.0,"Acute poliomyelitis, unspecified"
2017,2.0,"Acute poliomyelitis, unspecified"
2018,6.0,"Acute poliomyelitis, unspecified"
2019,22.0,"Acute poliomyelitis, unspecified"
2020,1.0,"Acute poliomyelitis, unspecified"
2021,23.0,"Acute poliomyelitis, unspecified"
2022,6.0,"Acute poliomyelitis, unspecified"
2023,5.0,"Acute poliomyelitis, unspecified"
2024,1.0,"Acute poliomyelitis, unspecified"
2025,2.0,"Acute poliomyelitis, unspecified"
